lang,noun
ara,0.3815086748292095
deu,0.16233001119158816
eng,0.1735712666468708
fas,0.3984908438846193
fra,0.2420422145092269
hin,0.2279186672252119
jpn,0.22933664408006685
kor,0.2257822007462017
nld,0.17334473156613753
rus,0.2422840396498128
spa,0.18988512774844407
tam,0.3556046565313458
tur,0.28838078333023304
zho,0.16442212450065855
