lang,noun2verb
ara,0.7796318019835091
ces,0.6093862422501085
deu,0.6271419002139199
eng,0.587173734749822
fas,0.8328968409952341
fra,0.6631489333665079
hin,0.6970126750485537
jpn,0.6643157483966294
kor,0.7369597137709271
nld,0.5144859073682334
rus,0.6700146486810896
pol,0.7502593067528871
spa,0.6388332870582614
tam,0.7206768859800207
tur,0.5616044930197169
zho,0.8305533075003824
