lang,pron
ara,0.010850769791102895
deu,0.1312646902335556
eng,0.1121585273349179
fas,0.046525518895953966
fra,0.06940121827107165
hin,0.12234288230808064
jpn,0.02116351999133973
kor,0.03287695337850964
nld,0.07520798252062211
rus,0.08528601588222008
spa,0.06656675848914911
tam,0.0711341226131979
tur,0.04446695608064445
zho,0.1040666623127356
