lang,pron2noun
ara,0.031104245775410443
ces,0.22003355470688854
deu,0.4574657997301987
eng,0.4042226221522524
fas,0.1036509329784523
fra,0.2297646252687872
hin,0.3486292209963223
jpn,0.08799636059446737
kor,0.13302737587948102
nld,0.3089895059155604
rus,0.266349913841098
pol,0.11458042373551665
spa,0.27030933955810743
tam,0.17647058823529413
tur,0.13830940462343766
zho,0.07912333593268922
