lang,verb
ara,0.10609420050822477
ces,0.1271785202236381
deu,0.09414972461268448
eng,0.11889817580150708
fas,0.0807545421394274
fra,0.12157096669277655
hin,0.09825435169033284
jpn,0.11527845640019413
kor,0.07877287125053105
nld,0.16103735035006955
rus,0.11797155275192915
pol,0.10840480515510643
spa,0.10519068005788527
tam,0.13387679290062945
tur,0.22087110474789293
zho,0.10519115192791888
